INSERT INTO [Unique] ([Name], [Value]) VALUES ('Account', 11)
INSERT INTO [Unique] ([Name], [Value]) VALUES ('Act', 16)
INSERT INTO [Unique] ([Name], [Value]) VALUES ('Function', 16)
INSERT INTO [Unique] ([Name], [Value]) VALUES ('Grant', 18)
INSERT INTO [Unique] ([Name], [Value]) VALUES ('GsmArea', 15)
INSERT INTO [Unique] ([Name], [Value]) VALUES ('GsmLine', 23)
INSERT INTO [Unique] ([Name], [Value]) VALUES ('GsmOrigin', 59)
INSERT INTO [Unique] ([Name], [Value]) VALUES ('GsmSupplier', 19)
INSERT INTO [Unique] ([Name], [Value]) VALUES ('GsmTree', 3)
INSERT INTO [Unique] ([Name], [Value]) VALUES ('Link', 3)
INSERT INTO [Unique] ([Name], [Value]) VALUES ('Role', 4)
INSERT INTO [Unique] ([Name], [Value]) VALUES ('Service', 19)
INSERT INTO [Unique] ([Name], [Value]) VALUES ('Verificate', 13)

INSERT INTO [Account]([Unique], [Id], [Description], [Remark], [Status], [State], [Version], [Operator], [Log])
VALUES(1, 'zdq', '{"Department":"慧云公司","Name":"张德强","Mobile":"13570067306","Email":"zdq@tcloudit.com"}', NULL, 0, 0, 1, 1, '{"Date":"2013-04-01 00:00:00"}')
INSERT INTO [Account]([Unique], [Id], [Description], [Remark], [Status], [State], [Version], [Operator], [Log])
VALUES(2, 'sam', '{"Department":"丰林集团/集团领导","Name":"刘念","Mobile":"","Email":""}', NULL, 0, 0, 1, 1, '{"Date":"2013-04-01 00:00:00"}')
INSERT INTO [Account]([Unique], [Id], [Description], [Remark], [Status], [State], [Version], [Operator], [Log])
VALUES(3, 'dyz', '{"Department":"丰林集团/集团领导","Name":"段英志","Mobile":"","Email":""}', NULL, 0, 0, 1, 1, '{"Date":"2013-04-01 00:00:00"}')
INSERT INTO [Account]([Unique], [Id], [Description], [Remark], [Status], [State], [Version], [Operator], [Log])
VALUES(4, 'lgl', '{"Department":"丰林集团/集团领导","Name":"林国利","Mobile":"","Email":""}', NULL, 0, 0, 1, 1, '{"Date":"2013-04-01 00:00:00"}')
INSERT INTO [Account]([Unique], [Id], [Description], [Remark], [Status], [State], [Version], [Operator], [Log])
VALUES(5, 'zwz', '{"Department":"百色丰林/公司领导","Name":"张文治","Mobile":"","Email":""}', NULL, 0, 0, 1, 1, '{"Date":"2013-04-01 00:00:00"}')
INSERT INTO [Account]([Unique], [Id], [Description], [Remark], [Status], [State], [Version], [Operator], [Log])
VALUES(6, 'lhg', '{"Department":"百色丰林/财务部","Name":"李红刚","Mobile":"","Email":""}', NULL, 0, 0, 1, 1, '{"Date":"2013-04-01 00:00:00"}')
INSERT INTO [Account]([Unique], [Id], [Description], [Remark], [Status], [State], [Version], [Operator], [Log])
VALUES(7, 'lmt', '{"Department":"百色丰林/木材采购部","Name":"隆满天","Mobile":"","Email":""}', NULL, 0, 0, 1, 1, '{"Date":"2013-04-01 00:00:00"}')
INSERT INTO [Account]([Unique], [Id], [Description], [Remark], [Status], [State], [Version], [Operator], [Log])
VALUES(8, 'wf', '{"Department":"百色丰林/木材采购部","Name":"伍帆","Mobile":"","Email":""}', NULL, 0, 0, 1, 1, '{"Date":"2013-04-01 00:00:00"}')
INSERT INTO [Account]([Unique], [Id], [Description], [Remark], [Status], [State], [Version], [Operator], [Log])
VALUES(9, 'hxx', '{"Department":"百色丰林/木材采购部","Name":"黄秀香","Mobile":"","Email":""}', NULL, 0, 0, 1, 1, '{"Date":"2013-04-01 00:00:00"}')
INSERT INTO [Account]([Unique], [Id], [Description], [Remark], [Status], [State], [Version], [Operator], [Log])
VALUES(10, 'cxj', '{"Department":"百色丰林/财务部","Name":"陈小娟","Mobile":"","Email":""}', NULL, 0, 0, 1, 1, '{"Date":"2013-04-01 00:00:00"}')
INSERT INTO [Account]([Unique], [Id], [Description], [Remark], [Status], [State], [Version], [Operator], [Log])
VALUES(11, 'dyc', '{"Department":"丰林集团/物流部","Name":"邓毓超","Mobile":"","Email":""}', NULL, 0, 0, 1, 1, '{"Date":"2013-04-01 00:00:00"}')

INSERT INTO [Act]([Unique], [Account], [Role], [State], [Version], [Operator], [Log]) VALUES(1, 1, 1, 0, 1, 1, '{"Date":"2013-04-01 00:00:00"}')
INSERT INTO [Act]([Unique], [Account], [Role], [State], [Version], [Operator], [Log]) VALUES(2, 1, 2, 0, 1, 1, '{"Date":"2013-04-01 00:00:00"}')
INSERT INTO [Act]([Unique], [Account], [Role], [State], [Version], [Operator], [Log]) VALUES(3, 1, 3, 0, 1, 1, '{"Date":"2013-04-01 00:00:00"}')
INSERT INTO [Act]([Unique], [Account], [Role], [State], [Version], [Operator], [Log]) VALUES(4, 1, 4, 0, 1, 1, '{"Date":"2013-04-01 00:00:00"}')

INSERT INTO [Act]([Unique], [Account], [Role], [State], [Version], [Operator], [Log]) VALUES(5, 2, 2, 0, 1, 1, '{"Date":"2013-04-01 00:00:00"}')
INSERT INTO [Act]([Unique], [Account], [Role], [State], [Version], [Operator], [Log]) VALUES(6, 3, 2, 0, 1, 1, '{"Date":"2013-04-01 00:00:00"}')
INSERT INTO [Act]([Unique], [Account], [Role], [State], [Version], [Operator], [Log]) VALUES(7, 4, 2, 0, 1, 1, '{"Date":"2013-04-01 00:00:00"}')
INSERT INTO [Act]([Unique], [Account], [Role], [State], [Version], [Operator], [Log]) VALUES(8, 5, 2, 0, 1, 1, '{"Date":"2013-04-01 00:00:00"}')
INSERT INTO [Act]([Unique], [Account], [Role], [State], [Version], [Operator], [Log]) VALUES(9, 6, 2, 0, 1, 1, '{"Date":"2013-04-01 00:00:00"}')
INSERT INTO [Act]([Unique], [Account], [Role], [State], [Version], [Operator], [Log]) VALUES(10, 7, 2, 0, 1, 1, '{"Date":"2013-04-01 00:00:00"}')
INSERT INTO [Act]([Unique], [Account], [Role], [State], [Version], [Operator], [Log]) VALUES(11, 8, 2, 0, 1, 1, '{"Date":"2013-04-01 00:00:00"}')
INSERT INTO [Act]([Unique], [Account], [Role], [State], [Version], [Operator], [Log]) VALUES(12, 9, 2, 0, 1, 1, '{"Date":"2013-04-01 00:00:00"}')
INSERT INTO [Act]([Unique], [Account], [Role], [State], [Version], [Operator], [Log]) VALUES(13, 10, 2, 0, 1, 1, '{"Date":"2013-04-01 00:00:00"}')
INSERT INTO [Act]([Unique], [Account], [Role], [State], [Version], [Operator], [Log]) VALUES(14, 11, 2, 0, 1, 1, '{"Date":"2013-04-01 00:00:00"}')
INSERT INTO [Act]([Unique], [Account], [Role], [State], [Version], [Operator], [Log]) VALUES(15, 11, 3, 0, 1, 1, '{"Date":"2013-04-01 00:00:00"}')
INSERT INTO [Act]([Unique], [Account], [Role], [State], [Version], [Operator], [Log]) VALUES(16, 11, 4, 0, 1, 1, '{"Date":"2013-04-01 00:00:00"}')

INSERT INTO [Function]([Unique], [Parent], [Type], [Order], [No], [Name], [Url], [Remark], [State], [Version], [Operator], [Log])
VALUES(1, NULL, 0, 1, '短信报备', '短信报备', 'http://{0}/Gsm.aspx', NULL, 0, 1, 1, '{"Date":"2013-04-01 00:00:00"}')
INSERT INTO [Function]([Unique], [Parent], [Type], [Order], [No], [Name], [Url], [Remark], [State], [Version], [Operator], [Log])
VALUES(2, NULL, 0, 2, '系统管理', '系统管理', 'http://{0}/Setting.aspx', NULL, 0, 1, 1, '{"Date":"2013-04-01 00:00:00"}')

INSERT INTO [Function]([Unique], [Parent], [Type], [Order], [No], [Name], [Url], [Remark], [State], [Version], [Operator], [Log])
VALUES(3, 1, 1, 3, 'GsmArea', '属地管理', 'http://{0}:15001/Index.aspx', NULL, 0, 1, 1, '{"Date":"2013-04-01 00:00:00"}')
INSERT INTO [Function]([Unique], [Parent], [Type], [Order], [No], [Name], [Url], [Remark], [State], [Version], [Operator], [Log])
VALUES(4, 1, 1, 5, 'GsmLine', '行驶路线管理', 'http://{0}:15003/Index.aspx', NULL, 0, 1, 1, '{"Date":"2013-04-01 00:00:00"}')
INSERT INTO [Function]([Unique], [Parent], [Type], [Order], [No], [Name], [Url], [Remark], [State], [Version], [Operator], [Log])
VALUES(5, 1, 0, 1, 'GsmMessage', '短信管理', 'http://{0}:15006/Index.aspx', NULL, 0, 1, 1, '{"Date":"2013-04-01 00:00:00"}')
INSERT INTO [Function]([Unique], [Parent], [Type], [Order], [No], [Name], [Url], [Remark], [State], [Version], [Operator], [Log])
VALUES(6, 1, 1, 4, 'GsmOrigin', '产地管理', 'http://{0}:15002/Index.aspx', NULL, 0, 1, 1, '{"Date":"2013-04-01 00:00:00"}')
INSERT INTO [Function]([Unique], [Parent], [Type], [Order], [No], [Name], [Url], [Remark], [State], [Version], [Operator], [Log])
VALUES(7, 1, 0, 2, 'GsmReport', '查看报表', 'http://{0}:15007/Index.aspx', NULL, 0, 1, 1, '{"Date":"2013-04-01 00:00:00"}')
INSERT INTO [Function]([Unique], [Parent], [Type], [Order], [No], [Name], [Url], [Remark], [State], [Version], [Operator], [Log])
VALUES(8, 1, 1, 6, 'GsmSupplier', '供应商管理', 'http://{0}:15004/Index.aspx', NULL, 0, 1, 1, '{"Date":"2013-04-01 00:00:00"}')
INSERT INTO [Function]([Unique], [Parent], [Type], [Order], [No], [Name], [Url], [Remark], [State], [Version], [Operator], [Log])
VALUES(9, 1, 1, 7, 'GsmTree', '树种管理', 'http://{0}:15005/Index.aspx', NULL, 0, 1, 1, '{"Date":"2013-04-01 00:00:00"}')

INSERT INTO [Function]([Unique], [Parent], [Type], [Order], [No], [Name], [Url], [Remark], [State], [Version], [Operator], [Log])
VALUES(10, 2, 2, 1, 'Account', '账户管理', 'http://{0}:13003/Index.aspx', NULL, 0, 1, 1, '{"Date":"2013-04-01 00:00:00"}')
INSERT INTO [Function]([Unique], [Parent], [Type], [Order], [No], [Name], [Url], [Remark], [State], [Version], [Operator], [Log])
VALUES(11, 2, 2, 2, 'Act', '账户角色', 'http://{0}:13007/Index.aspx', NULL, 0, 1, 1, '{"Date":"2013-04-01 00:00:00"}')
INSERT INTO [Function]([Unique], [Parent], [Type], [Order], [No], [Name], [Url], [Remark], [State], [Version], [Operator], [Log])
VALUES(12, 2, 2, 6, 'Function', '功能管理', 'http://{0}:13005/Index.aspx', NULL, 0, 1, 1, '{"Date":"2013-04-01 00:00:00"}')
INSERT INTO [Function]([Unique], [Parent], [Type], [Order], [No], [Name], [Url], [Remark], [State], [Version], [Operator], [Log])
VALUES(13, 2, 2, 5, 'Grant', '角色授权', 'http://{0}:13006/Index.aspx', NULL, 0, 1, 1, '{"Date":"2013-04-01 00:00:00"}')
INSERT INTO [Function]([Unique], [Parent], [Type], [Order], [No], [Name], [Url], [Remark], [State], [Version], [Operator], [Log])
VALUES(14, 2, 2, 7, 'Link', '链接管理', 'http://{0}:13001/Index.aspx', NULL, 0, 1, 1, '{"Date":"2013-04-01 00:00:00"}')
INSERT INTO [Function]([Unique], [Parent], [Type], [Order], [No], [Name], [Url], [Remark], [State], [Version], [Operator], [Log])
VALUES(15, 2, 2, 4, 'Role', '角色管理', 'http://{0}:13002/Index.aspx', NULL, 0, 1, 1, '{"Date":"2013-04-01 00:00:00"}')
INSERT INTO [Function]([Unique], [Parent], [Type], [Order], [No], [Name], [Url], [Remark], [State], [Version], [Operator], [Log])
VALUES(16, 2, 2, 3, 'Verificate', '认证管理', 'http://{0}:13004/Index.aspx', NULL, 0, 1, 1, '{"Date":"2013-04-01 00:00:00"}')

INSERT INTO [Grant]([Unique], [Role], [Function], [State], [Version], [Operator], [Log]) VALUES(1, 1, 2, 0, 1, 1, '{"Date":"2013-04-01 00:00:00"}')
INSERT INTO [Grant]([Unique], [Role], [Function], [State], [Version], [Operator], [Log]) VALUES(2, 1, 10, 0, 1, 1, '{"Date":"2013-04-01 00:00:00"}')
INSERT INTO [Grant]([Unique], [Role], [Function], [State], [Version], [Operator], [Log]) VALUES(3, 1, 11, 0, 1, 1, '{"Date":"2013-04-01 00:00:00"}')
INSERT INTO [Grant]([Unique], [Role], [Function], [State], [Version], [Operator], [Log]) VALUES(4, 1, 12, 0, 1, 1, '{"Date":"2013-04-01 00:00:00"}')
INSERT INTO [Grant]([Unique], [Role], [Function], [State], [Version], [Operator], [Log]) VALUES(5, 1, 13, 0, 1, 1, '{"Date":"2013-04-01 00:00:00"}')
INSERT INTO [Grant]([Unique], [Role], [Function], [State], [Version], [Operator], [Log]) VALUES(6, 1, 14, 0, 1, 1, '{"Date":"2013-04-01 00:00:00"}')
INSERT INTO [Grant]([Unique], [Role], [Function], [State], [Version], [Operator], [Log]) VALUES(7, 1, 15, 0, 1, 1, '{"Date":"2013-04-01 00:00:00"}')
INSERT INTO [Grant]([Unique], [Role], [Function], [State], [Version], [Operator], [Log]) VALUES(8, 1, 16, 0, 1, 1, '{"Date":"2013-04-01 00:00:00"}')
INSERT INTO [Grant]([Unique], [Role], [Function], [State], [Version], [Operator], [Log]) VALUES(9, 2, 1, 0, 1, 1, '{"Date":"2013-04-01 00:00:00"}')
INSERT INTO [Grant]([Unique], [Role], [Function], [State], [Version], [Operator], [Log]) VALUES(10, 2, 7, 0, 1, 1, '{"Date":"2013-04-01 00:00:00"}')
INSERT INTO [Grant]([Unique], [Role], [Function], [State], [Version], [Operator], [Log]) VALUES(11, 3, 1, 0, 1, 1, '{"Date":"2013-04-01 00:00:00"}')
INSERT INTO [Grant]([Unique], [Role], [Function], [State], [Version], [Operator], [Log]) VALUES(12, 3, 5, 0, 1, 1, '{"Date":"2013-04-01 00:00:00"}')
INSERT INTO [Grant]([Unique], [Role], [Function], [State], [Version], [Operator], [Log]) VALUES(13, 4, 1, 0, 1, 1, '{"Date":"2013-04-01 00:00:00"}')
INSERT INTO [Grant]([Unique], [Role], [Function], [State], [Version], [Operator], [Log]) VALUES(14, 4, 3, 0, 1, 1, '{"Date":"2013-04-01 00:00:00"}')
INSERT INTO [Grant]([Unique], [Role], [Function], [State], [Version], [Operator], [Log]) VALUES(15, 4, 4, 0, 1, 1, '{"Date":"2013-04-01 00:00:00"}')
INSERT INTO [Grant]([Unique], [Role], [Function], [State], [Version], [Operator], [Log]) VALUES(16, 4, 6, 0, 1, 1, '{"Date":"2013-04-01 00:00:00"}')
INSERT INTO [Grant]([Unique], [Role], [Function], [State], [Version], [Operator], [Log]) VALUES(17, 4, 8, 0, 1, 1, '{"Date":"2013-04-01 00:00:00"}')
INSERT INTO [Grant]([Unique], [Role], [Function], [State], [Version], [Operator], [Log]) VALUES(18, 4, 9, 0, 1, 1, '{"Date":"2013-04-01 00:00:00"}')

INSERT INTO [GsmArea] ([Unique], [Name], [Remark], [State], [Version], [Operator], [Log]) VALUES (1, '南宁市', NULL, 0, 1, 1, '{"Date":"2013-04-01 00:00:00"}')
INSERT INTO [GsmArea] ([Unique], [Name], [Remark], [State], [Version], [Operator], [Log]) VALUES (2, '武鸣县', NULL, 0, 1, 1, '{"Date":"2013-04-01 00:00:00"}')
INSERT INTO [GsmArea] ([Unique], [Name], [Remark], [State], [Version], [Operator], [Log]) VALUES (3, '田东县', NULL, 0, 1, 1, '{"Date":"2013-04-01 00:00:00"}')
INSERT INTO [GsmArea] ([Unique], [Name], [Remark], [State], [Version], [Operator], [Log]) VALUES (4, '隆安县', NULL, 0, 1, 1, '{"Date":"2013-04-01 00:00:00"}')
INSERT INTO [GsmArea] ([Unique], [Name], [Remark], [State], [Version], [Operator], [Log]) VALUES (5, '云南省', NULL, 0, 1, 1, '{"Date":"2013-04-01 00:00:00"}')
INSERT INTO [GsmArea] ([Unique], [Name], [Remark], [State], [Version], [Operator], [Log]) VALUES (6, '河池市', NULL, 0, 1, 1, '{"Date":"2013-04-01 00:00:00"}')
INSERT INTO [GsmArea] ([Unique], [Name], [Remark], [State], [Version], [Operator], [Log]) VALUES (7, '田林县', NULL, 0, 1, 1, '{"Date":"2013-04-01 00:00:00"}')
INSERT INTO [GsmArea] ([Unique], [Name], [Remark], [State], [Version], [Operator], [Log]) VALUES (8, '平果县', NULL, 0, 1, 1, '{"Date":"2013-04-01 00:00:00"}')
INSERT INTO [GsmArea] ([Unique], [Name], [Remark], [State], [Version], [Operator], [Log]) VALUES (9, '德保县', NULL, 0, 1, 1, '{"Date":"2013-04-01 00:00:00"}')
INSERT INTO [GsmArea] ([Unique], [Name], [Remark], [State], [Version], [Operator], [Log]) VALUES (10, '凌云县', NULL, 0, 1, 1, '{"Date":"2013-04-01 00:00:00"}')
INSERT INTO [GsmArea] ([Unique], [Name], [Remark], [State], [Version], [Operator], [Log]) VALUES (11, '东兰县', NULL, 0, 1, 1, '{"Date":"2013-04-01 00:00:00"}')
INSERT INTO [GsmArea] ([Unique], [Name], [Remark], [State], [Version], [Operator], [Log]) VALUES (12, '那坡县', NULL, 0, 1, 1, '{"Date":"2013-04-01 00:00:00"}')
INSERT INTO [GsmArea] ([Unique], [Name], [Remark], [State], [Version], [Operator], [Log]) VALUES (13, '靖西县', NULL, 0, 1, 1, '{"Date":"2013-04-01 00:00:00"}')
INSERT INTO [GsmArea] ([Unique], [Name], [Remark], [State], [Version], [Operator], [Log]) VALUES (14, '马山县', NULL, 0, 1, 1, '{"Date":"2013-04-01 00:00:00"}')
INSERT INTO [GsmArea] ([Unique], [Name], [Remark], [State], [Version], [Operator], [Log]) VALUES (15, '扶绥县', NULL, 0, 1, 1, '{"Date":"2013-04-01 00:00:00"}')

INSERT INTO [GsmLine] ([Unique], [Name], [Alias], [Remark], [State], [Version], [Operator], [Log]) VALUES (1, '者桑', '', NULL, 0, 1, 1, '{"Date":"2013-04-01 00:00:00"}')
INSERT INTO [GsmLine] ([Unique], [Name], [Alias], [Remark], [State], [Version], [Operator], [Log]) VALUES (2, '博爱', '', NULL, 0, 1, 1, '{"Date":"2013-04-01 00:00:00"}')
INSERT INTO [GsmLine] ([Unique], [Name], [Alias], [Remark], [State], [Version], [Operator], [Log]) VALUES (3, '阳圩', '', NULL, 0, 1, 1, '{"Date":"2013-04-01 00:00:00"}')
INSERT INTO [GsmLine] ([Unique], [Name], [Alias], [Remark], [State], [Version], [Operator], [Log]) VALUES (4, '高邦', '', NULL, 0, 1, 1, '{"Date":"2013-04-01 00:00:00"}')
INSERT INTO [GsmLine] ([Unique], [Name], [Alias], [Remark], [State], [Version], [Operator], [Log]) VALUES (5, '皈朝', '', NULL, 0, 1, 1, '{"Date":"2013-04-01 00:00:00"}')
INSERT INTO [GsmLine] ([Unique], [Name], [Alias], [Remark], [State], [Version], [Operator], [Log]) VALUES (6, '平年', '', NULL, 0, 1, 1, '{"Date":"2013-04-01 00:00:00"}')
INSERT INTO [GsmLine] ([Unique], [Name], [Alias], [Remark], [State], [Version], [Operator], [Log]) VALUES (7, '潞城', '', NULL, 0, 1, 1, '{"Date":"2013-04-01 00:00:00"}')
INSERT INTO [GsmLine] ([Unique], [Name], [Alias], [Remark], [State], [Version], [Operator], [Log]) VALUES (8, '旧州', '', NULL, 0, 1, 1, '{"Date":"2013-04-01 00:00:00"}')
INSERT INTO [GsmLine] ([Unique], [Name], [Alias], [Remark], [State], [Version], [Operator], [Log]) VALUES (9, '八渡', '', NULL, 0, 1, 1, '{"Date":"2013-04-01 00:00:00"}')
INSERT INTO [GsmLine] ([Unique], [Name], [Alias], [Remark], [State], [Version], [Operator], [Log]) VALUES (10, '板桃', '', NULL, 0, 1, 1, '{"Date":"2013-04-01 00:00:00"}')
INSERT INTO [GsmLine] ([Unique], [Name], [Alias], [Remark], [State], [Version], [Operator], [Log]) VALUES (11, '凌云', '', NULL, 0, 1, 1, '{"Date":"2013-04-01 00:00:00"}')
INSERT INTO [GsmLine] ([Unique], [Name], [Alias], [Remark], [State], [Version], [Operator], [Log]) VALUES (12, '德保', '', NULL, 0, 1, 1, '{"Date":"2013-04-01 00:00:00"}')
INSERT INTO [GsmLine] ([Unique], [Name], [Alias], [Remark], [State], [Version], [Operator], [Log]) VALUES (13, '祥周', '', NULL, 0, 1, 1, '{"Date":"2013-04-01 00:00:00"}')
INSERT INTO [GsmLine] ([Unique], [Name], [Alias], [Remark], [State], [Version], [Operator], [Log]) VALUES (14, '田东', '', NULL, 0, 1, 1, '{"Date":"2013-04-01 00:00:00"}')
INSERT INTO [GsmLine] ([Unique], [Name], [Alias], [Remark], [State], [Version], [Operator], [Log]) VALUES (15, '田阳', '', NULL, 0, 1, 1, '{"Date":"2013-04-01 00:00:00"}')
INSERT INTO [GsmLine] ([Unique], [Name], [Alias], [Remark], [State], [Version], [Operator], [Log]) VALUES (16, '巴马', '', NULL, 0, 1, 1, '{"Date":"2013-04-01 00:00:00"}')
INSERT INTO [GsmLine] ([Unique], [Name], [Alias], [Remark], [State], [Version], [Operator], [Log]) VALUES (17, '石埠', '', NULL, 0, 1, 1, '{"Date":"2013-04-01 00:00:00"}')
INSERT INTO [GsmLine] ([Unique], [Name], [Alias], [Remark], [State], [Version], [Operator], [Log]) VALUES (18, '坛洛', '', NULL, 0, 1, 1, '{"Date":"2013-04-01 00:00:00"}')
INSERT INTO [GsmLine] ([Unique], [Name], [Alias], [Remark], [State], [Version], [Operator], [Log]) VALUES (19, '隆安', '', NULL, 0, 1, 1, '{"Date":"2013-04-01 00:00:00"}')
INSERT INTO [GsmLine] ([Unique], [Name], [Alias], [Remark], [State], [Version], [Operator], [Log]) VALUES (20, '平果', '', NULL, 0, 1, 1, '{"Date":"2013-04-01 00:00:00"}')
INSERT INTO [GsmLine] ([Unique], [Name], [Alias], [Remark], [State], [Version], [Operator], [Log]) VALUES (21, '灵马', '', NULL, 0, 1, 1, '{"Date":"2013-04-01 00:00:00"}')
INSERT INTO [GsmLine] ([Unique], [Name], [Alias], [Remark], [State], [Version], [Operator], [Log]) VALUES (22, '马山', '', NULL, 0, 1, 1, '{"Date":"2013-04-01 00:00:00"}')
INSERT INTO [GsmLine] ([Unique], [Name], [Alias], [Remark], [State], [Version], [Operator], [Log]) VALUES (23, '扶绥', '', NULL, 0, 1, 1, '{"Date":"2013-04-01 00:00:00"}')

INSERT INTO [GsmOrigin] ([Unique], [Area], [Name], [Alias], [Except], [Remark], [State], [Version], [Operator], [Log]) VALUES (1, 1, '南宁市金陵木片厂', '金陵', '广丰; 鸿华; 黎森', NULL, 0, 1, 1, '{"Date":"2013-04-01 00:00:00"}')
INSERT INTO [GsmOrigin] ([Unique], [Area], [Name], [Alias], [Except], [Remark], [State], [Version], [Operator], [Log]) VALUES (2, 1, '南宁金陵广丰木业', '广丰', '', NULL, 0, 1, 1, '{"Date":"2013-04-01 00:00:00"}')
INSERT INTO [GsmOrigin] ([Unique], [Area], [Name], [Alias], [Except], [Remark], [State], [Version], [Operator], [Log]) VALUES (3, 1, '南宁市金陵镇鸿华木片厂', '鸿华', '', NULL, 0, 1, 1, '{"Date":"2013-04-01 00:00:00"}')
INSERT INTO [GsmOrigin] ([Unique], [Area], [Name], [Alias], [Except], [Remark], [State], [Version], [Operator], [Log]) VALUES (4, 1, '南宁市金陵黎森木业', '黎森', '', NULL, 0, 1, 1, '{"Date":"2013-04-01 00:00:00"}')
INSERT INTO [GsmOrigin] ([Unique], [Area], [Name], [Alias], [Except], [Remark], [State], [Version], [Operator], [Log]) VALUES (5, 1, '南宁扶照兴东木片厂', '扶照; 兴东', '', NULL, 0, 1, 1, '{"Date":"2013-04-01 00:00:00"}')
INSERT INTO [GsmOrigin] ([Unique], [Area], [Name], [Alias], [Except], [Remark], [State], [Version], [Operator], [Log]) VALUES (6, 1, '南宁市金凯木片厂', '金凯', '', NULL, 0, 1, 1, '{"Date":"2013-04-01 00:00:00"}')
INSERT INTO [GsmOrigin] ([Unique], [Area], [Name], [Alias], [Except], [Remark], [State], [Version], [Operator], [Log]) VALUES (7, 1, '南宁市恒桂木材加工厂', '恒桂', '', NULL, 0, 1, 1, '{"Date":"2013-04-01 00:00:00"}')
INSERT INTO [GsmOrigin] ([Unique], [Area], [Name], [Alias], [Except], [Remark], [State], [Version], [Operator], [Log]) VALUES (8, 1, '南宁苏圩巨力木片厂', '巨力', '', NULL, 0, 1, 1, '{"Date":"2013-04-01 00:00:00"}')
INSERT INTO [GsmOrigin] ([Unique], [Area], [Name], [Alias], [Except], [Remark], [State], [Version], [Operator], [Log]) VALUES (9, 1, '南宁苏圩隆达木业', '隆达; 隆德', '', NULL, 0, 1, 1, '{"Date":"2013-04-01 00:00:00"}')
INSERT INTO [GsmOrigin] ([Unique], [Area], [Name], [Alias], [Except], [Remark], [State], [Version], [Operator], [Log]) VALUES (10, 1, '南宁市宏翔木片厂', '宏翔', '', NULL, 0, 1, 1, '{"Date":"2013-04-01 00:00:00"}')
INSERT INTO [GsmOrigin] ([Unique], [Area], [Name], [Alias], [Except], [Remark], [State], [Version], [Operator], [Log]) VALUES (11, 1, '南宁吴圩', '吴圩', '周德', NULL, 0, 1, 1, '{"Date":"2013-04-01 00:00:00"}')
INSERT INTO [GsmOrigin] ([Unique], [Area], [Name], [Alias], [Except], [Remark], [State], [Version], [Operator], [Log]) VALUES (12, 1, '吴圩周德木业', '周德', '', NULL, 0, 1, 1, '{"Date":"2013-04-01 00:00:00"}')
INSERT INTO [GsmOrigin] ([Unique], [Area], [Name], [Alias], [Except], [Remark], [State], [Version], [Operator], [Log]) VALUES (13, 1, '南宁那马林进木片厂', '那马; 林进', '', NULL, 0, 1, 1, '{"Date":"2013-04-01 00:00:00"}')
INSERT INTO [GsmOrigin] ([Unique], [Area], [Name], [Alias], [Except], [Remark], [State], [Version], [Operator], [Log]) VALUES (14, 1, '南宁江西镇', '江西', '顾林', NULL, 0, 1, 1, '{"Date":"2013-04-01 00:00:00"}')
INSERT INTO [GsmOrigin] ([Unique], [Area], [Name], [Alias], [Except], [Remark], [State], [Version], [Operator], [Log]) VALUES (15, 1, '南宁江西顾林木业', '顾林', '', NULL, 0, 1, 1, '{"Date":"2013-04-01 00:00:00"}')
INSERT INTO [GsmOrigin] ([Unique], [Area], [Name], [Alias], [Except], [Remark], [State], [Version], [Operator], [Log]) VALUES (16, 1, '南宁明阳众森木业', '明阳; 众森', '', NULL, 0, 1, 1, '{"Date":"2013-04-01 00:00:00"}')
INSERT INTO [GsmOrigin] ([Unique], [Area], [Name], [Alias], [Except], [Remark], [State], [Version], [Operator], [Log]) VALUES (17, 1, '南宁市坛洛厂', '坛洛', '', NULL, 0, 1, 1, '{"Date":"2013-04-01 00:00:00"}')
INSERT INTO [GsmOrigin] ([Unique], [Area], [Name], [Alias], [Except], [Remark], [State], [Version], [Operator], [Log]) VALUES (18, 2, '武鸣团结农场', '团结', '', NULL, 0, 1, 1, '{"Date":"2013-04-01 00:00:00"}')
INSERT INTO [GsmOrigin] ([Unique], [Area], [Name], [Alias], [Except], [Remark], [State], [Version], [Operator], [Log]) VALUES (19, 2, '武鸣灵马木片厂', '灵马', '', NULL, 0, 1, 1, '{"Date":"2013-04-01 00:00:00"}')
INSERT INTO [GsmOrigin] ([Unique], [Area], [Name], [Alias], [Except], [Remark], [State], [Version], [Operator], [Log]) VALUES (20, 2, '武鸣陆斡镇', '陆斡', '', NULL, 0, 1, 1, '{"Date":"2013-04-01 00:00:00"}')
INSERT INTO [GsmOrigin] ([Unique], [Area], [Name], [Alias], [Except], [Remark], [State], [Version], [Operator], [Log]) VALUES (21, 2, '武鸣罗圩木片厂', '罗圩; 锣圩', '', NULL, 0, 1, 1, '{"Date":"2013-04-01 00:00:00"}')
INSERT INTO [GsmOrigin] ([Unique], [Area], [Name], [Alias], [Except], [Remark], [State], [Version], [Operator], [Log]) VALUES (22, 2, '武鸣南益木业', '南益', '', NULL, 0, 1, 1, '{"Date":"2013-04-01 00:00:00"}')
INSERT INTO [GsmOrigin] ([Unique], [Area], [Name], [Alias], [Except], [Remark], [State], [Version], [Operator], [Log]) VALUES (23, 3, '田东木片厂', '田东', '怀民; 城南; 金城; 金成; 小龙; 苗圃', NULL, 0, 1, 1, '{"Date":"2013-04-01 00:00:00"}')
INSERT INTO [GsmOrigin] ([Unique], [Area], [Name], [Alias], [Except], [Remark], [State], [Version], [Operator], [Log]) VALUES (24, 3, '田东县怀民木片厂', '怀民', '', NULL, 0, 1, 1, '{"Date":"2013-04-01 00:00:00"}')
INSERT INTO [GsmOrigin] ([Unique], [Area], [Name], [Alias], [Except], [Remark], [State], [Version], [Operator], [Log]) VALUES (25, 3, '田东县城南木片厂', '城南', '', NULL, 0, 1, 1, '{"Date":"2013-04-01 00:00:00"}')
INSERT INTO [GsmOrigin] ([Unique], [Area], [Name], [Alias], [Except], [Remark], [State], [Version], [Operator], [Log]) VALUES (26, 3, '田东县金城木片厂', '金城; 金成', '', NULL, 0, 1, 1, '{"Date":"2013-04-01 00:00:00"}')
INSERT INTO [GsmOrigin] ([Unique], [Area], [Name], [Alias], [Except], [Remark], [State], [Version], [Operator], [Log]) VALUES (27, 3, '田东县小龙苗圃木片厂', '小龙; 苗圃', '', NULL, 0, 1, 1, '{"Date":"2013-04-01 00:00:00"}')
INSERT INTO [GsmOrigin] ([Unique], [Area], [Name], [Alias], [Except], [Remark], [State], [Version], [Operator], [Log]) VALUES (28, 3, '田东县', '田东', '木片', NULL, 0, 1, 1, '{"Date":"2013-04-01 00:00:00"}')
INSERT INTO [GsmOrigin] ([Unique], [Area], [Name], [Alias], [Except], [Remark], [State], [Version], [Operator], [Log]) VALUES (29, 4, '隆安木片加工厂', '隆安', '那桐; 丰顺; 屏山', NULL, 0, 1, 1, '{"Date":"2013-04-01 00:00:00"}')
INSERT INTO [GsmOrigin] ([Unique], [Area], [Name], [Alias], [Except], [Remark], [State], [Version], [Operator], [Log]) VALUES (30, 4, '隆安那桐木片厂', '那桐', '', NULL, 0, 1, 1, '{"Date":"2013-04-01 00:00:00"}')
INSERT INTO [GsmOrigin] ([Unique], [Area], [Name], [Alias], [Except], [Remark], [State], [Version], [Operator], [Log]) VALUES (31, 4, '隆安县丰顺木材厂', '丰顺', '', NULL, 0, 1, 1, '{"Date":"2013-04-01 00:00:00"}')
INSERT INTO [GsmOrigin] ([Unique], [Area], [Name], [Alias], [Except], [Remark], [State], [Version], [Operator], [Log]) VALUES (32, 4, '隆安屏山', '屏山', '', NULL, 0, 1, 1, '{"Date":"2013-04-01 00:00:00"}')
INSERT INTO [GsmOrigin] ([Unique], [Area], [Name], [Alias], [Except], [Remark], [State], [Version], [Operator], [Log]) VALUES (33, 5, '云南', '云南', '富宁; 者桑; 红森; 文山; 通轩', NULL, 0, 1, 1, '{"Date":"2013-04-01 00:00:00"}')
INSERT INTO [GsmOrigin] ([Unique], [Area], [Name], [Alias], [Except], [Remark], [State], [Version], [Operator], [Log]) VALUES (34, 5, '云南富宁木片厂', '富宁', '高邦; 皈朝; 海丰; 花果山', NULL, 0, 1, 1, '{"Date":"2013-04-01 00:00:00"}')
INSERT INTO [GsmOrigin] ([Unique], [Area], [Name], [Alias], [Except], [Remark], [State], [Version], [Operator], [Log]) VALUES (35, 5, '富宁高邦木片厂', '高邦', '', NULL, 0, 1, 1, '{"Date":"2013-04-01 00:00:00"}')
INSERT INTO [GsmOrigin] ([Unique], [Area], [Name], [Alias], [Except], [Remark], [State], [Version], [Operator], [Log]) VALUES (36, 5, '云南富宁皈朝海丰木业', '皈朝; 海丰', '', NULL, 0, 1, 1, '{"Date":"2013-04-01 00:00:00"}')
INSERT INTO [GsmOrigin] ([Unique], [Area], [Name], [Alias], [Except], [Remark], [State], [Version], [Operator], [Log]) VALUES (37, 5, '富宁县花果山木材加工厂', '花果山', '', NULL, 0, 1, 1, '{"Date":"2013-04-01 00:00:00"}')
INSERT INTO [GsmOrigin] ([Unique], [Area], [Name], [Alias], [Except], [Remark], [State], [Version], [Operator], [Log]) VALUES (38, 5, '云南者桑红森', '者桑; 红森', '', NULL, 0, 1, 1, '{"Date":"2013-04-01 00:00:00"}')
INSERT INTO [GsmOrigin] ([Unique], [Area], [Name], [Alias], [Except], [Remark], [State], [Version], [Operator], [Log]) VALUES (39, 6, '大化都阳木片厂', '都阳、江南', '', NULL, 0, 1, 1, '{"Date":"2013-04-01 00:00:00"}')
INSERT INTO [GsmOrigin] ([Unique], [Area], [Name], [Alias], [Except], [Remark], [State], [Version], [Operator], [Log]) VALUES (40, 6, '大化县乙圩乡木片厂', '乙圩', '', NULL, 0, 1, 1, '{"Date":"2013-04-01 00:00:00"}')
INSERT INTO [GsmOrigin] ([Unique], [Area], [Name], [Alias], [Except], [Remark], [State], [Version], [Operator], [Log]) VALUES (41, 6, '大化县北景乡百益木片厂', '北景; 百益', '', NULL, 0, 1, 1, '{"Date":"2013-04-01 00:00:00"}')
INSERT INTO [GsmOrigin] ([Unique], [Area], [Name], [Alias], [Except], [Remark], [State], [Version], [Operator], [Log]) VALUES (42, 6, '大化县羌圩木片厂', '羌圩、姜圩', '', NULL, 0, 1, 1, '{"Date":"2013-04-01 00:00:00"}')
INSERT INTO [GsmOrigin] ([Unique], [Area], [Name], [Alias], [Except], [Remark], [State], [Version], [Operator], [Log]) VALUES (43, 6, '大化和顺木材加工厂', '和顺', '', NULL, 0, 1, 1, '{"Date":"2013-04-01 00:00:00"}')
INSERT INTO [GsmOrigin] ([Unique], [Area], [Name], [Alias], [Except], [Remark], [State], [Version], [Operator], [Log]) VALUES (44, 6, '大化毅力木片厂', '毅力', '', NULL, 0, 1, 1, '{"Date":"2013-04-01 00:00:00"}')
INSERT INTO [GsmOrigin] ([Unique], [Area], [Name], [Alias], [Except], [Remark], [State], [Version], [Operator], [Log]) VALUES (45, 7, '田林潞城富林木业', '潞城; 富林', '', NULL, 0, 1, 1, '{"Date":"2013-04-01 00:00:00"}')
INSERT INTO [GsmOrigin] ([Unique], [Area], [Name], [Alias], [Except], [Remark], [State], [Version], [Operator], [Log]) VALUES (46, 7, '田林县旧州加工厂', '旧州', '', NULL, 0, 1, 1, '{"Date":"2013-04-01 00:00:00"}')
INSERT INTO [GsmOrigin] ([Unique], [Area], [Name], [Alias], [Except], [Remark], [State], [Version], [Operator], [Log]) VALUES (47, 8, '平果木片厂', '平果', '旧城; 林苑', NULL, 0, 1, 1, '{"Date":"2013-04-01 00:00:00"}')
INSERT INTO [GsmOrigin] ([Unique], [Area], [Name], [Alias], [Except], [Remark], [State], [Version], [Operator], [Log]) VALUES (48, 8, '平果旧城', '旧城', '', NULL, 0, 1, 1, '{"Date":"2013-04-01 00:00:00"}')
INSERT INTO [GsmOrigin] ([Unique], [Area], [Name], [Alias], [Except], [Remark], [State], [Version], [Operator], [Log]) VALUES (49, 8, '平果县', '平果', '旧城; 林苑; 木片', NULL, 0, 1, 1, '{"Date":"2013-04-01 00:00:00"}')
INSERT INTO [GsmOrigin] ([Unique], [Area], [Name], [Alias], [Except], [Remark], [State], [Version], [Operator], [Log]) VALUES (50, 8, '平果林苑木片厂', '林苑', '', NULL, 0, 1, 1, '{"Date":"2013-04-01 00:00:00"}')
INSERT INTO [GsmOrigin] ([Unique], [Area], [Name], [Alias], [Except], [Remark], [State], [Version], [Operator], [Log]) VALUES (51, 9, '广西德保红泥坡林场', '德保; 红泥', '', NULL, 0, 1, 1, '{"Date":"2013-04-01 00:00:00"}')
INSERT INTO [GsmOrigin] ([Unique], [Area], [Name], [Alias], [Except], [Remark], [State], [Version], [Operator], [Log]) VALUES (52, 10, '凌云友良木材厂', '凌云; 友良', '', NULL, 0, 1, 1, '{"Date":"2013-04-01 00:00:00"}')
INSERT INTO [GsmOrigin] ([Unique], [Area], [Name], [Alias], [Except], [Remark], [State], [Version], [Operator], [Log]) VALUES (53, 11, '东兰县东森木材加工厂', '东兰; 东森', '', NULL, 0, 1, 1, '{"Date":"2013-04-01 00:00:00"}')
INSERT INTO [GsmOrigin] ([Unique], [Area], [Name], [Alias], [Except], [Remark], [State], [Version], [Operator], [Log]) VALUES (54, 12, '那坡县木材公司', '那坡', '德隆', NULL, 0, 1, 1, '{"Date":"2013-04-01 00:00:00"}')
INSERT INTO [GsmOrigin] ([Unique], [Area], [Name], [Alias], [Except], [Remark], [State], [Version], [Operator], [Log]) VALUES (55, 12, '那坡县德隆木片厂', '德隆', '', NULL, 0, 1, 1, '{"Date":"2013-04-01 00:00:00"}')
INSERT INTO [GsmOrigin] ([Unique], [Area], [Name], [Alias], [Except], [Remark], [State], [Version], [Operator], [Log]) VALUES (56, 13, '靖西县 ', '靖西', '', NULL, 0, 1, 1, '{"Date":"2013-04-01 00:00:00"}')
INSERT INTO [GsmOrigin] ([Unique], [Area], [Name], [Alias], [Except], [Remark], [State], [Version], [Operator], [Log]) VALUES (57, 14, '马山县', '马山', '', NULL, 0, 1, 1, '{"Date":"2013-04-01 00:00:00"}')
INSERT INTO [GsmOrigin] ([Unique], [Area], [Name], [Alias], [Except], [Remark], [State], [Version], [Operator], [Log]) VALUES (58, 15, '扶绥渠黎', '扶绥; 渠黎', '', NULL, 0, 1, 1, '{"Date":"2013-04-01 00:00:00"}')
INSERT INTO [GsmOrigin] ([Unique], [Area], [Name], [Alias], [Except], [Remark], [State], [Version], [Operator], [Log]) VALUES (59, 5, '云南文山通轩木业', '文山; 通轩', '', NULL, 0, 1, 1, '{"Date":"2013-04-01 00:00:00"}')

INSERT INTO [GsmSupplier] ([Unique], [Type], [Name], [Remark], [State], [Version], [Operator], [Log]) VALUES (1, 0, 'A2', NULL, 0, 1, 1, '{"Date":"2013-04-01 00:00:00"}')
INSERT INTO [GsmSupplier] ([Unique], [Type], [Name], [Remark], [State], [Version], [Operator], [Log]) VALUES (2, 0, 'A7', NULL, 0, 1, 1, '{"Date":"2013-04-01 00:00:00"}')
INSERT INTO [GsmSupplier] ([Unique], [Type], [Name], [Remark], [State], [Version], [Operator], [Log]) VALUES (3, 0, 'A8', NULL, 0, 1, 1, '{"Date":"2013-04-01 00:00:00"}')
INSERT INTO [GsmSupplier] ([Unique], [Type], [Name], [Remark], [State], [Version], [Operator], [Log]) VALUES (4, 0, 'A9', NULL, 0, 1, 1, '{"Date":"2013-04-01 00:00:00"}')
INSERT INTO [GsmSupplier] ([Unique], [Type], [Name], [Remark], [State], [Version], [Operator], [Log]) VALUES (5, 0, 'A11', NULL, 0, 1, 1, '{"Date":"2013-04-01 00:00:00"}')
INSERT INTO [GsmSupplier] ([Unique], [Type], [Name], [Remark], [State], [Version], [Operator], [Log]) VALUES (6, 0, 'B9', NULL, 0, 1, 1, '{"Date":"2013-04-01 00:00:00"}')
INSERT INTO [GsmSupplier] ([Unique], [Type], [Name], [Remark], [State], [Version], [Operator], [Log]) VALUES (7, 0, 'C3', NULL, 0, 1, 1, '{"Date":"2013-04-01 00:00:00"}')
INSERT INTO [GsmSupplier] ([Unique], [Type], [Name], [Remark], [State], [Version], [Operator], [Log]) VALUES (8, 0, 'C5', NULL, 0, 1, 1, '{"Date":"2013-04-01 00:00:00"}')
INSERT INTO [GsmSupplier] ([Unique], [Type], [Name], [Remark], [State], [Version], [Operator], [Log]) VALUES (9, 0, 'D1', NULL, 0, 1, 1, '{"Date":"2013-04-01 00:00:00"}')
INSERT INTO [GsmSupplier] ([Unique], [Type], [Name], [Remark], [State], [Version], [Operator], [Log]) VALUES (10, 0, 'D2', NULL, 0, 1, 1, '{"Date":"2013-04-01 00:00:00"}')
INSERT INTO [GsmSupplier] ([Unique], [Type], [Name], [Remark], [State], [Version], [Operator], [Log]) VALUES (11, 0, 'E3', NULL, 0, 1, 1, '{"Date":"2013-04-01 00:00:00"}')
INSERT INTO [GsmSupplier] ([Unique], [Type], [Name], [Remark], [State], [Version], [Operator], [Log]) VALUES (12, 0, 'K8', NULL, 0, 1, 1, '{"Date":"2013-04-01 00:00:00"}')
INSERT INTO [GsmSupplier] ([Unique], [Type], [Name], [Remark], [State], [Version], [Operator], [Log]) VALUES (13, 0, 'M1', NULL, 0, 1, 1, '{"Date":"2013-04-01 00:00:00"}')
INSERT INTO [GsmSupplier] ([Unique], [Type], [Name], [Remark], [State], [Version], [Operator], [Log]) VALUES (14, 0, 'P9', NULL, 0, 1, 1, '{"Date":"2013-04-01 00:00:00"}')
INSERT INTO [GsmSupplier] ([Unique], [Type], [Name], [Remark], [State], [Version], [Operator], [Log]) VALUES (15, 1, '庞坤耀', NULL, 0, 1, 1, '{"Date":"2013-04-01 00:00:00"}')
INSERT INTO [GsmSupplier] ([Unique], [Type], [Name], [Remark], [State], [Version], [Operator], [Log]) VALUES (16, 1, '覃良山', NULL, 0, 1, 1, '{"Date":"2013-04-01 00:00:00"}')
INSERT INTO [GsmSupplier] ([Unique], [Type], [Name], [Remark], [State], [Version], [Operator], [Log]) VALUES (17, 1, '冉景尤', NULL, 0, 1, 1, '{"Date":"2013-04-01 00:00:00"}')
INSERT INTO [GsmSupplier] ([Unique], [Type], [Name], [Remark], [State], [Version], [Operator], [Log]) VALUES (18, 0, 'C2', NULL, 0, 1, 1, '{"Date":"2013-04-01 00:00:00"}')
INSERT INTO [GsmSupplier] ([Unique], [Type], [Name], [Remark], [State], [Version], [Operator], [Log]) VALUES (19, 0, 'C9', NULL, 0, 1, 1, '{"Date":"2013-04-01 00:00:00"}')

INSERT INTO [GsmTree] ([Unique], [Name], [Alias], [Remark], [State], [Version], [Operator], [Log]) VALUES (1, '桉木片', '桉木; 桉片; 桉树', NULL, 0, 1, 1, '{"Date":"2013-04-01 00:00:00"}')
INSERT INTO [GsmTree] ([Unique], [Name], [Alias], [Remark], [State], [Version], [Operator], [Log]) VALUES (2, '松木片', '松木; 松片; 松树', NULL, 0, 1, 1, '{"Date":"2013-04-01 00:00:00"}')
INSERT INTO [GsmTree] ([Unique], [Name], [Alias], [Remark], [State], [Version], [Operator], [Log]) VALUES (3, '杂木片', '杂木; 杂片; 杂树; 桉杂', NULL, 0, 1, 1, '{"Date":"2013-04-01 00:00:00"}')

INSERT INTO [Link]([Unique], [Name], [Type], [Value], [Remark], [State], [Version], [Operator], [Log]) VALUES(1, '本系统', 0, NULL, NULL, 0, 1, 1, '{"Date":"2013-04-01 00:00:00"}')
INSERT INTO [Link]([Unique], [Name], [Type], [Value], [Remark], [State], [Version], [Operator], [Log]) VALUES(2, '丰林域系统', 2, '172.16.1.250', NULL, 0, 1, 1, '{"Date":"2013-04-01 00:00:00"}')
INSERT INTO [Link]([Unique], [Name], [Type], [Value], [Remark], [State], [Version], [Operator], [Log]) VALUES(3, '慧云域系统', 2, '172.16.200.250', NULL, 0, 1, 1, '{"Date":"2013-04-01 00:00:00"}')

INSERT INTO [Role]([Unique], [Name], [Remark], [State], [Version], [Operator], [Log]) VALUES(1, '系统管理管理者', NULL, 0, 1, 1, '{"Date":"2013-04-01 00:00:00"}')
INSERT INTO [Role]([Unique], [Name], [Remark], [State], [Version], [Operator], [Log]) VALUES(2, '短信报备查看者', NULL, 0, 1, 1, '{"Date":"2013-04-01 00:00:00"}')
INSERT INTO [Role]([Unique], [Name], [Remark], [State], [Version], [Operator], [Log]) VALUES(3, '短信报备操作者', NULL, 0, 1, 1, '{"Date":"2013-04-01 00:00:00"}')
INSERT INTO [Role]([Unique], [Name], [Remark], [State], [Version], [Operator], [Log]) VALUES(4, '短信报备管理者', NULL, 0, 1, 1, '{"Date":"2013-04-01 00:00:00"}')

INSERT INTO [Service]([Unique], [Name], [Filename], [Url], [Contract], [Remark], [State], [Version], [Operator], [Log])
VALUES(1, 'Service', '{0}\Wodeyun.Bf\Wodeyun.Bf.Esb\Wodeyun.Bf.Esb.Wrappers\bin\Debug\Wodeyun.Bf.Esb.Wrappers.dll', 'http://{0}:11001/ServiceService.svc', 'Wodeyun.Bf.Esb.Wrappers.IServiceInterface', NULL, 0, 1, 1, '{"Date":"2013-04-01 00:00:00"}')
INSERT INTO [Service]([Unique], [Name], [Filename], [Url], [Contract], [Remark], [State], [Version], [Operator], [Log])
VALUES(2, 'Exchange.Single', '{0}\Wodeyun.Bf\Wodeyun.Bf.Exchange\Wodeyun.Bf.Exchange.Wrappers\bin\Debug\Wodeyun.Bf.Exchange.Wrappers.dll', 'http://{0}:11002/SingleService.svc', 'Wodeyun.Bf.Exchange.Wrappers.SingleService', NULL, 0, 1, 1, '{"Date":"2013-04-01 00:00:00"}')
INSERT INTO [Service]([Unique], [Name], [Filename], [Url], [Contract], [Remark], [State], [Version], [Operator], [Log])
VALUES(3, 'Exchange.Multi', '{0}\Wodeyun.Bf\Wodeyun.Bf.Exchange\Wodeyun.Bf.Exchange.Wrappers\bin\Debug\Wodeyun.Bf.Exchange.Wrappers.dll', 'http://{0}:11002/MultiService.svc', 'Wodeyun.Bf.Exchange.Wrappers.MultiService', NULL, 0, 1, 1, '{"Date":"2013-04-01 00:00:00"}')
INSERT INTO [Service]([Unique], [Name], [Filename], [Url], [Contract], [Remark], [State], [Version], [Operator], [Log])
VALUES(4, 'Token', '{0}\Wodeyun.Bf\Wodeyun.Bf.Token\Wodeyun.Bf.Token.Wrappers\bin\Debug\Wodeyun.Bf.Token.Wrappers.dll', 'http://{0}:11003/TokenService.svc', 'Wodeyun.Bf.Token.Wrappers.TokenService', NULL, 0, 1, 1, '{"Date":"2013-04-01 00:00:00"}')
INSERT INTO [Service]([Unique], [Name], [Filename], [Url], [Contract], [Remark], [State], [Version], [Operator], [Log])
VALUES(5, 'Link', '{0}\Wodeyun.Bf\Wodeyun.Bf.Link\Wodeyun.Bf.Link.Wrappers\bin\Debug\Wodeyun.Bf.Link.Wrappers.dll', 'http://{0}:12001/LinkService.svc', 'Wodeyun.Bf.Link.Wrappers.ILinkInterface', NULL, 0, 1, 1, '{"Date":"2013-04-01 00:00:00"}')
INSERT INTO [Service]([Unique], [Name], [Filename], [Url], [Contract], [Remark], [State], [Version], [Operator], [Log])
VALUES(6, 'Role', '{0}\Wodeyun.Bf\Wodeyun.Bf.Role\Wodeyun.Bf.Role.Wrappers\bin\Debug\Wodeyun.Bf.Role.Wrappers.dll', 'http://{0}:12002/RoleService.svc', 'Wodeyun.Bf.Role.Wrappers.IRoleInterface', NULL, 0, 1, 1, '{"Date":"2013-04-01 00:00:00"}')
INSERT INTO [Service]([Unique], [Name], [Filename], [Url], [Contract], [Remark], [State], [Version], [Operator], [Log])
VALUES(7, 'Account', '{0}\Wodeyun.Bf\Wodeyun.Bf.Account\Wodeyun.Bf.Account.Wrappers\bin\Debug\Wodeyun.Bf.Account.Wrappers.dll', 'http://{0}:12003/AccountService.svc', 'Wodeyun.Bf.Account.Wrappers.IAccountInterface', NULL, 0, 1, 1, '{"Date":"2013-04-01 00:00:00"}')
INSERT INTO [Service]([Unique], [Name], [Filename], [Url], [Contract], [Remark], [State], [Version], [Operator], [Log])
VALUES(8, 'Verificate', '{0}\Wodeyun.Bf\Wodeyun.Bf.Verificate\Wodeyun.Bf.Verificate.Wrappers\bin\Debug\Wodeyun.Bf.Verificate.Wrappers.dll', 'http://{0}:12004/VerificateService.svc', 'Wodeyun.Bf.Verificate.Wrappers.IVerificateInterface', NULL, 0, 1, 1, '{"Date":"2013-04-01 00:00:00"}')
INSERT INTO [Service]([Unique], [Name], [Filename], [Url], [Contract], [Remark], [State], [Version], [Operator], [Log])
VALUES(9, 'Function', '{0}\Wodeyun.Bf\Wodeyun.Bf.Function\Wodeyun.Bf.Function.Wrappers\bin\Debug\Wodeyun.Bf.Function.Wrappers.dll', 'http://{0}:12005/FunctionService.svc', 'Wodeyun.Bf.Function.Wrappers.IFunctionInterface', NULL, 0, 1, 1, '{"Date":"2013-04-01 00:00:00"}')
INSERT INTO [Service]([Unique], [Name], [Filename], [Url], [Contract], [Remark], [State], [Version], [Operator], [Log])
VALUES(10, 'Grant', '{0}\Wodeyun.Bf\Wodeyun.Bf.Grant\Wodeyun.Bf.Grant.Wrappers\bin\Debug\Wodeyun.Bf.Grant.Wrappers.dll', 'http://{0}:12006/GrantService.svc', 'Wodeyun.Bf.Grant.Wrappers.IGrantInterface', NULL, 0, 1, 1, '{"Date":"2013-04-01 00:00:00"}')
INSERT INTO [Service]([Unique], [Name], [Filename], [Url], [Contract], [Remark], [State], [Version], [Operator], [Log])
VALUES(11, 'Act', '{0}\Wodeyun.Bf\Wodeyun.Bf.Act\Wodeyun.Bf.Act.Wrappers\bin\Debug\Wodeyun.Bf.Act.Wrappers.dll', 'http://{0}:12007/ActService.svc', 'Wodeyun.Bf.Act.Wrappers.IActInterface', NULL, 0, 1, 1, '{"Date":"2013-04-01 00:00:00"}')
INSERT INTO [Service]([Unique], [Name], [Filename], [Url], [Contract], [Remark], [State], [Version], [Operator], [Log])
VALUES(12, 'GsmArea', '{0}\Wodeyun.Project\Wodeyun.Project.GsmArea\Wodeyun.Project.GsmArea.Wrappers\bin\Debug\Wodeyun.Project.GsmArea.Wrappers.dll', 'http://{0}:14001/GsmAreaService.svc', 'Wodeyun.Project.GsmArea.Wrappers.IGsmAreaInterface', NULL, 0, 1, 1, '{"Date":"2013-04-01 00:00:00"}')
INSERT INTO [Service]([Unique], [Name], [Filename], [Url], [Contract], [Remark], [State], [Version], [Operator], [Log])
VALUES(13, 'GsmOrigin', '{0}\Wodeyun.Project\Wodeyun.Project.GsmOrigin\Wodeyun.Project.GsmOrigin.Wrappers\bin\Debug\Wodeyun.Project.GsmOrigin.Wrappers.dll', 'http://{0}:14002/GsmOriginService.svc', 'Wodeyun.Project.GsmOrigin.Wrappers.IGsmOriginInterface', NULL, 0, 1, 1, '{"Date":"2013-04-01 00:00:00"}')
INSERT INTO [Service]([Unique], [Name], [Filename], [Url], [Contract], [Remark], [State], [Version], [Operator], [Log])
VALUES(14, 'GsmLine', '{0}\Wodeyun.Project\Wodeyun.Project.GsmLine\Wodeyun.Project.GsmLine.Wrappers\bin\Debug\Wodeyun.Project.GsmLine.Wrappers.dll', 'http://{0}:14003/GsmLineService.svc', 'Wodeyun.Project.GsmLine.Wrappers.IGsmLineInterface', NULL, 0, 1, 1, '{"Date":"2013-04-01 00:00:00"}')
INSERT INTO [Service]([Unique], [Name], [Filename], [Url], [Contract], [Remark], [State], [Version], [Operator], [Log])
VALUES(15, 'GsmSupplier', '{0}\Wodeyun.Project\Wodeyun.Project.GsmSupplier\Wodeyun.Project.GsmSupplier.Wrappers\bin\Debug\Wodeyun.Project.GsmSupplier.Wrappers.dll', 'http://{0}:14004/GsmSupplierService.svc', 'Wodeyun.Project.GsmSupplier.Wrappers.IGsmSupplierInterface', NULL, 0, 1, 1, '{"Date":"2013-04-01 00:00:00"}')
INSERT INTO [Service]([Unique], [Name], [Filename], [Url], [Contract], [Remark], [State], [Version], [Operator], [Log])
VALUES(16, 'GsmTree', '{0}\Wodeyun.Project\Wodeyun.Project.GsmTree\Wodeyun.Project.GsmTree.Wrappers\bin\Debug\Wodeyun.Project.GsmTree.Wrappers.dll', 'http://{0}:14005/GsmTreeService.svc', 'Wodeyun.Project.GsmTree.Wrappers.IGsmTreeInterface', NULL, 0, 1, 1, '{"Date":"2013-04-01 00:00:00"}')
INSERT INTO [Service]([Unique], [Name], [Filename], [Url], [Contract], [Remark], [State], [Version], [Operator], [Log])
VALUES(17, 'GsmMessage', '{0}\Wodeyun.Project\Wodeyun.Project.GsmMessage\Wodeyun.Project.GsmMessage.Wrappers\bin\Debug\Wodeyun.Project.GsmMessage.Wrappers.dll', 'http://{0}:14006/GsmMessageService.svc', 'Wodeyun.Project.GsmMessage.Wrappers.IGsmMessageInterface', NULL, 0, 1, 1, '{"Date":"2013-04-01 00:00:00"}')
INSERT INTO [Service]([Unique], [Name], [Filename], [Url], [Contract], [Remark], [State], [Version], [Operator], [Log])
VALUES(18, 'GsmItem', '{0}\Wodeyun.Project\Wodeyun.Project.GsmMessage\Wodeyun.Project.GsmMessage.Wrappers\bin\Debug\Wodeyun.Project.GsmMessage.Wrappers.dll', 'http://{0}:14006/GsmItemService.svc', 'Wodeyun.Project.GsmMessage.Wrappers.IGsmItemInterface', NULL, 0, 1, 1, '{"Date":"2013-04-01 00:00:00"}')
INSERT INTO [Service]([Unique], [Name], [Filename], [Url], [Contract], [Remark], [State], [Version], [Operator], [Log])
VALUES(19, 'GsmReport', '{0}\Wodeyun.Project\Wodeyun.Project.GsmReport\Wodeyun.Project.GsmReport.Wrappers\bin\Debug\Wodeyun.Project.GsmReport.Wrappers.dll', 'http://{0}:14007/GsmReportService.svc', 'Wodeyun.Project.GsmReport.Wrappers.IGsmReportInterface', NULL, 0, 1, 1, '{"Date":"2013-04-01 00:00:00"}')

INSERT INTO [Verificate]([Unique], [Account], [Link], [Value], [Remark], [State], [Version], [Operator], [Log]) VALUES(1, 1, 1, 'zdq', NULL, 0, 1, 1, '{"Date":"2013-04-01 00:00:00"}')
INSERT INTO [Verificate]([Unique], [Account], [Link], [Value], [Remark], [State], [Version], [Operator], [Log]) VALUES(2, 1, 2, 'zdq', NULL, 0, 1, 1, '{"Date":"2013-04-01 00:00:00"}')
INSERT INTO [Verificate]([Unique], [Account], [Link], [Value], [Remark], [State], [Version], [Operator], [Log]) VALUES(3, 1, 3, 'zdq', NULL, 0, 1, 1, '{"Date":"2013-04-01 00:00:00"}')

INSERT INTO [Verificate]([Unique], [Account], [Link], [Value], [Remark], [State], [Version], [Operator], [Log]) VALUES(4, 2, 2, 'sam', NULL, 0, 1, 1, '{"Date":"2013-04-01 00:00:00"}')
INSERT INTO [Verificate]([Unique], [Account], [Link], [Value], [Remark], [State], [Version], [Operator], [Log]) VALUES(5, 3, 2, 'dyz', NULL, 0, 1, 1, '{"Date":"2013-04-01 00:00:00"}')
INSERT INTO [Verificate]([Unique], [Account], [Link], [Value], [Remark], [State], [Version], [Operator], [Log]) VALUES(6, 4, 2, 'lgl', NULL, 0, 1, 1, '{"Date":"2013-04-01 00:00:00"}')
INSERT INTO [Verificate]([Unique], [Account], [Link], [Value], [Remark], [State], [Version], [Operator], [Log]) VALUES(7, 5, 2, 'zwz', NULL, 0, 1, 1, '{"Date":"2013-04-01 00:00:00"}')
INSERT INTO [Verificate]([Unique], [Account], [Link], [Value], [Remark], [State], [Version], [Operator], [Log]) VALUES(8, 6, 2, 'lhg', NULL, 0, 1, 1, '{"Date":"2013-04-01 00:00:00"}')
INSERT INTO [Verificate]([Unique], [Account], [Link], [Value], [Remark], [State], [Version], [Operator], [Log]) VALUES(9, 7, 2, 'lmt', NULL, 0, 1, 1, '{"Date":"2013-04-01 00:00:00"}')
INSERT INTO [Verificate]([Unique], [Account], [Link], [Value], [Remark], [State], [Version], [Operator], [Log]) VALUES(10, 8, 2, 'wf', NULL, 0, 1, 1, '{"Date":"2013-04-01 00:00:00"}')
INSERT INTO [Verificate]([Unique], [Account], [Link], [Value], [Remark], [State], [Version], [Operator], [Log]) VALUES(11, 9, 2, 'hxx', NULL, 0, 1, 1, '{"Date":"2013-04-01 00:00:00"}')
INSERT INTO [Verificate]([Unique], [Account], [Link], [Value], [Remark], [State], [Version], [Operator], [Log]) VALUES(12, 10, 2, 'cxj', NULL, 0, 1, 1, '{"Date":"2013-04-01 00:00:00"}')
INSERT INTO [Verificate]([Unique], [Account], [Link], [Value], [Remark], [State], [Version], [Operator], [Log]) VALUES(13, 11, 2, 'dyc', NULL, 0, 1, 1, '{"Date":"2013-04-01 00:00:00"}')
GO
